EMAIL_ID,RECIPIENT_EMAIL,SUBJECT,HTML_CONTENT,CREATED_AT
EMAIL_001,network.ops@novaconnect.com,URGENT: 5G Tower Capacity Alert - Northeast Region,"<html><body style=""font-family: Arial, sans-serif; max-width: 800px; margin: 0 auto; padding: 20px;"">
<h2 style=""color: #E74C3C;"">URGENT: 5G Network Capacity Alert</h2>
<p><strong>Date:</strong> December 1, 2024</p>
<p><strong>To:</strong> Network Operations Team</p>

<h3 style=""color: #333;"">Executive Summary</h3>
<p>Tower NE-CENTRAL-001 in the Northeast Region has reached 92% capacity utilization during peak hours. Immediate action required to prevent service degradation affecting 15,000+ customers.</p>

<h3 style=""color: #333;"">Key Metrics</h3>
<ul>
<li><strong>Current Utilization:</strong> 92% (Critical Threshold: 85%)</li>
<li><strong>Affected Customers:</strong> 15,347 active subscribers</li>
<li><strong>Peak Hours:</strong> 6PM - 11PM daily</li>
<li><strong>Data Volume:</strong> 2.8TB daily throughput</li>
</ul>

<h3 style=""color: #333;"">Recommendation</h3>
<p style=""background: #FADBD8; padding: 15px; border-left: 4px solid #E74C3C;"">
<strong>ACTION REQUIRED:</strong> Deploy mobile cell on wheels (COW) by Dec 5 and fast-track tower upgrade to add 3 additional 5G carriers by Dec 20.
</p>

<p style=""color: #666; font-size: 12px; margin-top: 30px;"">This alert was generated by NovaConnect Intelligence AI Agent</p>
</body></html>",2024-12-01 09:15:00
EMAIL_002,customer.care@novaconnect.com,Customer Churn Risk: High-Value Business Accounts,"<html><body style=""font-family: Arial, sans-serif; max-width: 800px; margin: 0 auto; padding: 20px;"">
<h2 style=""color: #F39C12;"">‚ö†Ô∏è Churn Risk Alert: Enterprise Customers</h2>
<p><strong>Date:</strong> November 28, 2024</p>
<p><strong>To:</strong> Customer Care Team</p>

<h3 style=""color: #333;"">High-Risk Accounts Identified</h3>
<p>Our AI churn prediction model has identified 12 high-value business accounts at risk of switching to competitors within the next 30 days.</p>

<h3 style=""color: #333;"">Account Details</h3>
<ul>
<li><strong>Total MRR at Risk:</strong> $284,000/month</li>
<li><strong>Primary Complaint:</strong> Network reliability issues (8 accounts)</li>
<li><strong>Secondary Issue:</strong> Billing disputes (4 accounts)</li>
<li><strong>Avg Customer Tenure:</strong> 4.2 years</li>
</ul>

<h3 style=""color: #333;"">Proactive Retention Actions</h3>
<ol>
<li>Assign dedicated account managers to each account</li>
<li>Offer 3-month service credit (10% discount)</li>
<li>Priority technical support escalation</li>
<li>Quarterly business review meetings</li>
</ol>

<p style=""background: #FEF5E7; padding: 15px; border-left: 4px solid #F39C12;"">
<strong>Response Due:</strong> All accounts must be contacted within 48 hours.
</p>

<p style=""color: #666; font-size: 12px; margin-top: 30px;"">This alert was generated by NovaConnect Intelligence AI Agent</p>
</body></html>",2024-11-28 14:30:00
EMAIL_003,tech.support@novaconnect.com,AI Analysis: Top 5 Customer Complaint Trends This Week,"<html><body style=""font-family: Arial, sans-serif; max-width: 800px; margin: 0 auto; padding: 20px;"">
<h2 style=""color: #3498DB;"">üìä Weekly Complaint Analysis Report</h2>
<p><strong>Period:</strong> November 20-27, 2024</p>
<p><strong>To:</strong> Technical Support Team</p>

<h3 style=""color: #333;"">AI-Powered Sentiment Analysis</h3>
<p>NovaConnect Intelligence AI has analyzed 2,847 customer calls and identified the following trending issues:</p>

<h3 style=""color: #333;"">Top 5 Complaint Categories</h3>
<table style=""width: 100%; border-collapse: collapse;"">
<tr style=""background: #EBF5FB;"">
<th style=""padding: 10px; text-align: left; border: 1px solid #ddd;"">Issue</th>
<th style=""padding: 10px; text-align: left; border: 1px solid #ddd;"">Count</th>
<th style=""padding: 10px; text-align: left; border: 1px solid #ddd;"">Avg Sentiment</th>
</tr>
<tr>
<td style=""padding: 10px; border: 1px solid #ddd;"">Slow 4G speeds in Southwest</td>
<td style=""padding: 10px; border: 1px solid #ddd;"">487</td>
<td style=""padding: 10px; border: 1px solid #ddd;"">-0.72 (Very Negative)</td>
</tr>
<tr style=""background: #F8F9F9;"">
<td style=""padding: 10px; border: 1px solid #ddd;"">5G not working as expected</td>
<td style=""padding: 10px; border: 1px solid #ddd;"">312</td>
<td style=""padding: 10px; border: 1px solid #ddd;"">-0.58 (Negative)</td>
</tr>
<tr>
<td style=""padding: 10px; border: 1px solid #ddd;"">Billing overcharges on roaming</td>
<td style=""padding: 10px; border: 1px solid #ddd;"">198</td>
<td style=""padding: 10px; border: 1px solid #ddd;"">-0.81 (Very Negative)</td>
</tr>
<tr style=""background: #F8F9F9;"">
<td style=""padding: 10px; border: 1px solid #ddd;"">Customer service wait times</td>
<td style=""padding: 10px; border: 1px solid #ddd;"">176</td>
<td style=""padding: 10px; border: 1px solid #ddd;"">-0.45 (Negative)</td>
</tr>
<tr>
<td style=""padding: 10px; border: 1px solid #ddd;"">Plan upgrade confusion</td>
<td style=""padding: 10px; border: 1px solid #ddd;"">143</td>
<td style=""padding: 10px; border: 1px solid #ddd;"">-0.33 (Mildly Negative)</td>
</tr>
</table>

<h3 style=""color: #333;"">Recommended Actions</h3>
<ul>
<li>Network Team: Investigate Southwest 4G congestion (Tower upgrades needed)</li>
<li>Billing Team: Audit roaming charges for accuracy</li>
<li>Training: Update scripts for 5G troubleshooting</li>
</ul>

<p style=""color: #666; font-size: 12px; margin-top: 30px;"">This report was generated by NovaConnect Intelligence AI Agent</p>
</body></html>",2024-11-27 16:45:00
EMAIL_004,ceo@novaconnect.com,Q4 Performance Update: Network Quality & Customer Satisfaction,"<html><body style=""font-family: Arial, sans-serif; max-width: 800px; margin: 0 auto; padding: 20px;"">
<h2 style=""color: #27AE60;"">‚úÖ Q4 2024 Performance Highlights</h2>
<p><strong>Date:</strong> November 25, 2024</p>
<p><strong>To:</strong> Executive Leadership Team</p>

<h3 style=""color: #333;"">Network Performance Metrics</h3>
<ul>
<li><strong>5G Coverage:</strong> Expanded to 87% of urban areas (+12% vs Q3)</li>
<li><strong>Average Download Speed:</strong> 247 Mbps (Industry leading)</li>
<li><strong>Network Uptime:</strong> 99.94% (Exceeding SLA target of 99.9%)</li>
<li><strong>Call Drop Rate:</strong> 0.18% (Best in region)</li>
</ul>

<h3 style=""color: #333;"">Customer Satisfaction</h3>
<ul>
<li><strong>Overall CSAT Score:</strong> 4.2/5.0 (+0.3 vs Q3)</li>
<li><strong>Net Promoter Score:</strong> 48 (Industry avg: 32)</li>
<li><strong>First Call Resolution:</strong> 76% (+8% improvement)</li>
<li><strong>Churn Rate:</strong> 1.8% monthly (Down from 2.3%)</li>
</ul>

<h3 style=""color: #333;"">AI/ML Initiative Results</h3>
<p>Our Snowflake Cortex AI implementation has delivered measurable results:</p>
<ul>
<li>Churn prediction accuracy: 89%</li>
<li>Proactive issue resolution: 2,400 customers retained ($1.2M saved)</li>
<li>Call center efficiency: 23% reduction in average handle time</li>
<li>Sentiment analysis: Real-time feedback on 100% of calls</li>
</ul>

<p style=""background: #D5F4E6; padding: 15px; border-left: 4px solid #27AE60;"">
<strong>Strategic Recommendation:</strong> Accelerate 5G rollout in Northwest and Southeast regions. ROI analysis shows 18-month payback period with strong customer demand.
</p>

<p style=""color: #666; font-size: 12px; margin-top: 30px;"">This report was generated by NovaConnect Intelligence AI Agent</p>
</body></html>",2024-11-25 08:00:00
EMAIL_005,billing.ops@novaconnect.com,Automated Billing Dispute Resolution - November Summary,"<html><body style=""font-family: Arial, sans-serif; max-width: 800px; margin: 0 auto; padding: 20px;"">
<h2 style=""color: #9B59B6;"">üí≥ November Billing Operations Summary</h2>
<p><strong>Date:</strong> November 30, 2024</p>
<p><strong>To:</strong> Billing Operations Team</p>

<h3 style=""color: #333;"">Dispute Resolution Performance</h3>
<p>Our AI-powered billing dispute resolution system processed 1,247 cases in November:</p>

<h3 style=""color: #333;"">Resolution Breakdown</h3>
<ul>
<li><strong>Auto-Resolved:</strong> 892 cases (71.5%) - No human intervention</li>
<li><strong>Manual Review:</strong> 287 cases (23.0%) - Escalated to agents</li>
<li><strong>Pending:</strong> 68 cases (5.5%) - Awaiting documentation</li>
</ul>

<h3 style=""color: #333;"">Top Dispute Categories</h3>
<ol>
<li>Roaming charges (432 cases) - 89% resolved favorably</li>
<li>Data overage fees (298 cases) - 76% resolved favorably</li>
<li>Plan migration errors (187 cases) - 94% resolved favorably</li>
<li>Promotional discounts not applied (155 cases) - 100% resolved</li>
</ol>

<h3 style=""color: #333;"">Financial Impact</h3>
<ul>
<li><strong>Credits Issued:</strong> $284,500</li>
<li><strong>Revenue Retained:</strong> $892,300 (disputes rejected)</li>
<li><strong>Processing Cost Savings:</strong> $45,600 vs manual handling</li>
<li><strong>Customer Satisfaction:</strong> 4.6/5.0 for resolved disputes</li>
</ul>

<p style=""background: #F4ECF7; padding: 15px; border-left: 4px solid #9B59B6;"">
<strong>Next Month Focus:</strong> Deploy enhanced ML model to reduce roaming dispute rate by 30%.
</p>

<p style=""color: #666; font-size: 12px; margin-top: 30px;"">This report was generated by NovaConnect Intelligence AI Agent</p>
</body></html>",2024-11-30 17:00:00
